
CREATE DATABASE IF NOT EXISTS fertility;

USE fertility;

CREATE TABLE IF NOT EXISTS example(
    id int AUTO_INCREMENT, 
    country VARCHAR(50), 
    image VARCHAR(50),
    temperature INT, 
    temperature_rate INT, 
    temperature_intercept INT,
    rainfall INT, 
    rainfall_rate INT,
    rainfall_intercept INT,
    soil_type INT, 
    PRIMARY KEY(id)
);

INSERT INTO example ( country, image, temperature, temperature_rate, temperature_intercept, rainfall, rainfall_rate, rainfall_intercept, soil_type) VALUES 
    ("Japan", "japan.png", 20, 1.234, 1, 40, 3.143, 1, 2);


CREATE TABLE IF NOT EXISTS temp(
   Country     VARCHAR(100) NOT NULL PRIMARY KEY,
  Temperature NUMERIC(6,2) NOT NULL
);
INSERT INTO temp (Country,Temperature) VALUES ('Burkina Faso',29.28);
INSERT INTO temp(Country,Temperature) VALUES ('Mali',29.19);
INSERT INTO temp(Country,Temperature) VALUES ('Qatar',29.11);
INSERT INTO temp(Country,Temperature) VALUES ('Senegal',29);
INSERT INTO temp(Country,Temperature) VALUES ('United Arab Emirates',28.93);
INSERT INTO temp(Country,Temperature) VALUES ('Mauritania',28.9);
INSERT INTO temp(Country,Temperature) VALUES ('Bahrain',28.84);
INSERT INTO temp(Country,Temperature) VALUES ('Aruba',28.82);
INSERT INTO temp(Country,Temperature) VALUES ('Djibouti',28.6);
INSERT INTO temp(Country,Temperature) VALUES ('Gambia',28.46);
INSERT INTO temp(Country,Temperature) VALUES ('Benin',28.09);
INSERT INTO temp(Country,Temperature) VALUES ('Maldives',28.08);
INSERT INTO temp(Country,Temperature) VALUES ('Guinea Bissau',28.05);
INSERT INTO temp(Country,Temperature) VALUES ('Cayman Islands',28.01);
INSERT INTO temp(Country,Temperature) VALUES ('Oman',27.94);
INSERT INTO temp(Country,Temperature) VALUES ('Marshall Islands',27.9);
INSERT INTO temp(Country,Temperature) VALUES ('Kiribati',27.77);
INSERT INTO temp(Country,Temperature) VALUES ('Ghana',27.73);
INSERT INTO temp(Country,Temperature) VALUES ('Singapore',27.7);
INSERT INTO temp(Country,Temperature) VALUES ('Niger',27.61);
INSERT INTO temp(Country,Temperature) VALUES ('Kuwait',27.58);
INSERT INTO temp(Country,Temperature) VALUES ('Sudan',27.57);
INSERT INTO temp(Country,Temperature) VALUES ('Guam',27.54);
INSERT INTO temp(Country,Temperature) VALUES ('Palau',27.54);
INSERT INTO temp(Country,Temperature) VALUES ('Samoa',27.53);
INSERT INTO temp(Country,Temperature) VALUES ('Togo',27.47);
INSERT INTO temp(Country,Temperature) VALUES ('Micronesia',27.45);
INSERT INTO temp(Country,Temperature) VALUES ('St Kitts and Nevis',27.34);
INSERT INTO temp(Country,Temperature) VALUES ('American Samoa',27.31);
INSERT INTO temp(Country,Temperature) VALUES ('Chad',27.28);
INSERT INTO temp(Country,Temperature) VALUES ('Cambodia',27.25);
INSERT INTO temp(Country,Temperature) VALUES ('Northern Mariana Islands',27.25);
INSERT INTO temp(Country,Temperature) VALUES ('Sri Lanka',27.24);
INSERT INTO temp(Country,Temperature) VALUES ('Nigeria',27.15);
INSERT INTO temp(Country,Temperature) VALUES ('Seychelles',27.11);
INSERT INTO temp(Country,Temperature) VALUES ('Somalia',27.1);
INSERT INTO temp(Country,Temperature) VALUES ('Antigua and Barbuda',27.06);
INSERT INTO temp(Country,Temperature) VALUES ('Ivory Coast',26.84);
INSERT INTO temp(Country,Temperature) VALUES ('Virgin Islands',26.84);
INSERT INTO temp(Country,Temperature) VALUES ('St Lucia',26.83);
INSERT INTO temp(Country,Temperature) VALUES ('Thailand',26.78);
INSERT INTO temp(Country,Temperature) VALUES ('Dominica',26.68);
INSERT INTO temp(Country,Temperature) VALUES ('Sierra Leone',26.64);
INSERT INTO temp(Country,Temperature) VALUES ('Philippines',26.61);
INSERT INTO temp(Country,Temperature) VALUES ('Suriname',26.53);
INSERT INTO temp(Country,Temperature) VALUES ('Eritrea',26.49);
INSERT INTO temp(Country,Temperature) VALUES ('Saudi Arabia',26.46);
INSERT INTO temp(Country,Temperature) VALUES ('Trinidad and Tobago',26.46);
INSERT INTO temp(Country,Temperature) VALUES ('Barbados',26.45);
INSERT INTO temp(Country,Temperature) VALUES ('Malaysia',26.35);
INSERT INTO temp(Country,Temperature) VALUES ('Grenada',26.33);
INSERT INTO temp(Country,Temperature) VALUES ('Guyana',26.16);
INSERT INTO temp(Country,Temperature) VALUES ('Cuba',26.14);
INSERT INTO temp(Country,Temperature) VALUES ('Bahamas',26.05);
INSERT INTO temp(Country,Temperature) VALUES ('Jamaica',26.02);
INSERT INTO temp(Country,Temperature) VALUES ('St Vincent and the Grenadines',25.98);
INSERT INTO temp(Country,Temperature) VALUES ('Indonesia',25.96);
INSERT INTO temp(Country,Temperature) VALUES ('Guinea',25.95);
INSERT INTO temp(Country,Temperature) VALUES ('Solomon Islands',25.89);
INSERT INTO temp(Country,Temperature) VALUES ('Belize',25.83);
INSERT INTO temp(Country,Temperature) VALUES ('Nicaragua',25.81);
INSERT INTO temp(Country,Temperature) VALUES ('Bangladesh',25.74);
INSERT INTO temp(Country,Temperature) VALUES ('Central African Republic',25.56);
INSERT INTO temp(Country,Temperature) VALUES ('Brazil',25.54);
INSERT INTO temp(Country,Temperature) VALUES ('Venezuela',25.52);
INSERT INTO temp(Country,Temperature) VALUES ('Yemen',25.51);
INSERT INTO temp(Country,Temperature) VALUES ('Liberia',25.47);
INSERT INTO temp(Country,Temperature) VALUES ('Gabon',25.46);
INSERT INTO temp(Country,Temperature) VALUES ('Panama',25.33);
INSERT INTO temp(Country,Temperature) VALUES ('El Salvador',25.23);
INSERT INTO temp(Country,Temperature) VALUES ('Kenya',25.22);
INSERT INTO temp(Country,Temperature) VALUES ('India',25.2);
INSERT INTO temp(Country,Temperature) VALUES ('Tonga',25.1);
INSERT INTO temp(Country,Temperature) VALUES ('Democratic Republic of the Congo',25.05);
INSERT INTO temp(Country,Temperature) VALUES ('Haiti',25.01);
INSERT INTO temp(Country,Temperature) VALUES ('Fiji',24.98);
INSERT INTO temp(Country,Temperature) VALUES ('Cameroon',24.94);
INSERT INTO temp(Country,Temperature) VALUES ('Puerto Rico',24.94);
INSERT INTO temp(Country,Temperature) VALUES ('Equatorial Guinea',24.89);
INSERT INTO temp(Country,Temperature) VALUES ('Mayotte',24.87);
INSERT INTO temp(Country,Temperature) VALUES ('Papua New Guinea',24.78);
INSERT INTO temp(Country,Temperature) VALUES ('Vanuatu',24.76);
INSERT INTO temp(Country,Temperature) VALUES ('Vietnam',24.73);
INSERT INTO temp(Country,Temperature) VALUES ('Colombia',24.71);
INSERT INTO temp(Country,Temperature) VALUES ('Honduras',24.71);
INSERT INTO temp(Country,Temperature) VALUES ('Sao Tome and Principe',24.66);
INSERT INTO temp(Country,Temperature) VALUES ('Costa Rica',24.64);
INSERT INTO temp(Country,Temperature) VALUES ('Dominican Republic',24.57);
INSERT INTO temp(Country,Temperature) VALUES ('Mozambique',24.42);
INSERT INTO temp(Country,Temperature) VALUES ('Algeria',24.11);
INSERT INTO temp(Country,Temperature) VALUES ('French Polynesia',24.05);
INSERT INTO temp(Country,Temperature) VALUES ('Laos',24.05);
INSERT INTO temp(Country,Temperature) VALUES ('Myanmar',23.96);
INSERT INTO temp(Country,Temperature) VALUES ('Paraguay',23.86);
INSERT INTO temp(Country,Temperature) VALUES ('Iraq',23.81);
INSERT INTO temp(Country,Temperature) VALUES ('Guatemala',23.77);
INSERT INTO temp(Country,Temperature) VALUES ('Comoros',23.74);
INSERT INTO temp(Country,Temperature) VALUES ('Hong Kong',23.62);
INSERT INTO temp(Country,Temperature) VALUES ('Ethiopia',23.45);
INSERT INTO temp(Country,Temperature) VALUES ('Macau',23.4);
INSERT INTO temp(Country,Temperature) VALUES ('New Caledonia',23.37);
INSERT INTO temp(Country,Temperature) VALUES ('Mauritius',23.27);
INSERT INTO temp(Country,Temperature) VALUES ('Egypt',23.23);
INSERT INTO temp(Country,Temperature) VALUES ('Uganda',23.14);
INSERT INTO temp(Country,Temperature) VALUES ('Tanzania',22.9);
INSERT INTO temp(Country,Temperature) VALUES ('Libya',22.8);
INSERT INTO temp(Country,Temperature) VALUES ('Madagascar',22.7);
INSERT INTO temp(Country,Temperature) VALUES ('Cape Verde',22.67);
INSERT INTO temp(Country,Temperature) VALUES ('Malawi',22.55);
INSERT INTO temp(Country,Temperature) VALUES ('Pakistan',22.23);
INSERT INTO temp(Country,Temperature) VALUES ('Botswana',22);
INSERT INTO temp(Country,Temperature) VALUES ('Australia',21.96);
INSERT INTO temp(Country,Temperature) VALUES ('Zambia',21.92);
INSERT INTO temp(Country,Temperature) VALUES ('Zimbabwe',21.83);
INSERT INTO temp(Country,Temperature) VALUES ('Mexico',21.7);
INSERT INTO temp(Country,Temperature) VALUES ('Angola',21.63);
INSERT INTO temp(Country,Temperature) VALUES ('Tunisia',21.44);
INSERT INTO temp(Country,Temperature) VALUES ('Ecuador',21.07);
INSERT INTO temp(Country,Temperature) VALUES ('Swaziland',20.92);
INSERT INTO temp(Country,Temperature) VALUES ('Taiwan',20.79);
INSERT INTO temp(Country,Temperature) VALUES ('Bolivia',20.68);
INSERT INTO temp(Country,Temperature) VALUES ('Burundi',20.43);
INSERT INTO temp(Country,Temperature) VALUES ('Malta',20.26);
INSERT INTO temp(Country,Temperature) VALUES ('Namibia',20.24);
INSERT INTO temp(Country,Temperature) VALUES ('Israel',20.23);
INSERT INTO temp(Country,Temperature) VALUES ('Jordan',19.77);
INSERT INTO temp(Country,Temperature) VALUES ('Palestine',19.7);
INSERT INTO temp(Country,Temperature) VALUES ('Peru',19.58);
INSERT INTO temp(Country,Temperature) VALUES ('Cyprus',19.33);
INSERT INTO temp(Country,Temperature) VALUES ('Iran',19.3);
INSERT INTO temp(Country,Temperature) VALUES ('Syria',19.17);
INSERT INTO temp(Country,Temperature) VALUES ('Rwanda',19.14);
INSERT INTO temp(Country,Temperature) VALUES ('Morocco',19.1);
INSERT INTO temp(Country,Temperature) VALUES ('South Africa',18.42);
INSERT INTO temp(Country,Temperature) VALUES ('Uruguay',17.73);
INSERT INTO temp(Country,Temperature) VALUES ('Turkmenistan',17.66);
INSERT INTO temp(Country,Temperature) VALUES ('Portugal',16.9);
INSERT INTO temp(Country,Temperature) VALUES ('Lebanon',15.66);
INSERT INTO temp(Country,Temperature) VALUES ('Spain',15.3);
INSERT INTO temp(Country,Temperature) VALUES ('Argentina',15.07);
INSERT INTO temp(Country,Temperature) VALUES ('Monaco',15.01);
INSERT INTO temp(Country,Temperature) VALUES ('Greece',14.88);
INSERT INTO temp(Country,Temperature) VALUES ('Uzbekistan',14.86);
INSERT INTO temp(Country,Temperature) VALUES ('Afghanistan',14.48);
INSERT INTO temp(Country,Temperature) VALUES ('Nepal',14.39);
INSERT INTO temp(Country,Temperature) VALUES ('Italy',14.38);
INSERT INTO temp(Country,Temperature) VALUES ('San Marino',14.14);
INSERT INTO temp(Country,Temperature) VALUES ('Azerbaijan',13.84);
INSERT INTO temp(Country,Temperature) VALUES ('Albania',13.31);
INSERT INTO temp(Country,Temperature) VALUES ('Croatia',13.16);
INSERT INTO temp(Country,Temperature) VALUES ('France',13.16);
INSERT INTO temp(Country,Temperature) VALUES ('South Korea',12.76);
INSERT INTO temp(Country,Temperature) VALUES ('Lesotho',12.64);
INSERT INTO temp(Country,Temperature) VALUES ('Hungary',12.62);
INSERT INTO temp(Country,Temperature) VALUES ('Serbia',12.56);
INSERT INTO temp(Country,Temperature) VALUES ('Japan',12.42);
INSERT INTO temp(Country,Temperature) VALUES ('Bulgaria',12.28);
INSERT INTO temp(Country,Temperature) VALUES ('Turkey',12.24);
INSERT INTO temp(Country,Temperature) VALUES ('Belgium',11.98);
INSERT INTO temp(Country,Temperature) VALUES ('Moldova',11.9);
INSERT INTO temp(Country,Temperature) VALUES ('Netherlands',11.72);
INSERT INTO temp(Country,Temperature) VALUES ('Macedonia',11.66);
INSERT INTO temp(Country,Temperature) VALUES ('New Zealand',11.66);
INSERT INTO temp(Country,Temperature) VALUES ('Bosnia and Herzegovina',11.57);
INSERT INTO temp(Country,Temperature) VALUES ('Luxembourg',11.43);
INSERT INTO temp(Country,Temperature) VALUES ('Romania',11.2);
INSERT INTO temp(Country,Temperature) VALUES ('Slovenia',11.04);
INSERT INTO temp(Country,Temperature) VALUES ('Montenegro',11);
INSERT INTO temp(Country,Temperature) VALUES ('Germany',10.83);
INSERT INTO temp(Country,Temperature) VALUES ('Bhutan',10.56);
INSERT INTO temp(Country,Temperature) VALUES ('Ireland',10.35);
INSERT INTO temp(Country,Temperature) VALUES ('United Kingdom',10.11);
INSERT INTO temp(Country,Temperature) VALUES ('Ukraine',10.04);
INSERT INTO temp(Country,Temperature) VALUES ('Georgia',9.92);
INSERT INTO temp(Country,Temperature) VALUES ('Isle of Man',9.89);
INSERT INTO temp(Country,Temperature) VALUES ('Slovakia',9.81);
INSERT INTO temp(Country,Temperature) VALUES ('Denmark',9.77);
INSERT INTO temp(Country,Temperature) VALUES ('Andorra',9.73);
INSERT INTO temp(Country,Temperature) VALUES ('United States of America',9.73);
INSERT INTO temp(Country,Temperature) VALUES ('Czech Republic',9.71);
INSERT INTO temp(Country,Temperature) VALUES ('Poland',9.7);
INSERT INTO temp(Country,Temperature) VALUES ('Chile',9.37);
INSERT INTO temp(Country,Temperature) VALUES ('Liechtenstein',9.05);
INSERT INTO temp(Country,Temperature) VALUES ('Austria',8.65);
INSERT INTO temp(Country,Temperature) VALUES ('Armenia',8.64);
INSERT INTO temp(Country,Temperature) VALUES ('China',8.1);
INSERT INTO temp(Country,Temperature) VALUES ('Switzerland',8.08);
INSERT INTO temp(Country,Temperature) VALUES ('Kazakhstan',8.06);
INSERT INTO temp(Country,Temperature) VALUES ('Belarus',7.98);
INSERT INTO temp(Country,Temperature) VALUES ('Lithuania',7.95);
INSERT INTO temp(Country,Temperature) VALUES ('North Korea',7.46);
INSERT INTO temp(Country,Temperature) VALUES ('Latvia',7.4);
INSERT INTO temp(Country,Temperature) VALUES ('Faroe Islands',7.1);
INSERT INTO temp(Country,Temperature) VALUES ('Estonia',6.9);
INSERT INTO temp(Country,Temperature) VALUES ('Tajikistan',5.09);
INSERT INTO temp(Country,Temperature) VALUES ('Kyrgyzstan',3.93);
INSERT INTO temp(Country,Temperature) VALUES ('Sweden',3.84);
INSERT INTO temp(Country,Temperature) VALUES ('Finland',3.24);
INSERT INTO temp(Country,Temperature) VALUES ('Norway',2.88);
INSERT INTO temp(Country,Temperature) VALUES ('Iceland',2.11);
INSERT INTO temp(Country,Temperature) VALUES ('Mongolia',1.31);
INSERT INTO temp(Country,Temperature) VALUES ('Russia',-2.87);
INSERT INTO temp(Country,Temperature) VALUES ('Canada',-4.22);
INSERT INTO temp(Country,Temperature) VALUES ('Greenland',-18.62);


CREATE TABLE IF NOT EXISTS CRI_table(
  Country     VARCHAR(100) NOT NULL PRIMARY KEY
  ,Normalize   VARCHAR(11) NOT NULL
);
INSERT INTO CRI_table(Country,Normalize) VALUES ('Albania','0.857740586');
INSERT INTO CRI_table(Country,Normalize) VALUES ('Algeria','0.73916318');
INSERT INTO CRI_table(Country,Normalize) VALUES ('Angola','0.589958159');
INSERT INTO CRI_table(Country,Normalize) VALUES ('Antigua and Barbuda','1');
INSERT INTO CRI_table(Country,Normalize) VALUES ('Argentina','0.358410042');
INSERT INTO CRI_table(Country,Normalize) VALUES ('Armenia','1');
INSERT INTO CRI_table(Country,Normalize) VALUES ('Australia','0.368200837');
INSERT INTO CRI_table(Country,Normalize) VALUES ('Austria','0.422594142');
INSERT INTO CRI_table(Country,Normalize) VALUES ('Azerbaijan','1');
INSERT INTO CRI_table(Country,Normalize) VALUES ('Bahrain','1');
INSERT INTO CRI_table(Country,Normalize) VALUES ('Bangladesh','0.669456067');
INSERT INTO CRI_table(Country,Normalize) VALUES ('Barbados','1');
INSERT INTO CRI_table(Country,Normalize) VALUES ('Belarus','0.889790795');
INSERT INTO CRI_table(Country,Normalize) VALUES ('Belgium','0.63874477');
INSERT INTO CRI_table(Country,Normalize) VALUES ('Belize','1');
INSERT INTO CRI_table(Country,Normalize) VALUES ('Benin','0.690376569');
INSERT INTO CRI_table(Country,Normalize) VALUES ('Bhutan','1');
INSERT INTO CRI_table(Country,Normalize) VALUES ('Bolivia','0.485355649');
INSERT INTO CRI_table(Country,Normalize) VALUES ('Bosnia and Herzegovina','0.871715481');
INSERT INTO CRI_table(Country,Normalize) VALUES ('Botswana','1');
INSERT INTO CRI_table(Country,Normalize) VALUES ('Brazil','0.647112971');
INSERT INTO CRI_table(Country,Normalize) VALUES ('Brunei Darussalam','1');
INSERT INTO CRI_table(Country,Normalize) VALUES ('Bulgaria','0.79916318');
INSERT INTO CRI_table(Country,Normalize) VALUES ('Burkina Faso','1');
INSERT INTO CRI_table(Country,Normalize) VALUES ('Burundi','0.257991632');
INSERT INTO CRI_table(Country,Normalize) VALUES ('Cambodia','0.352887029');
INSERT INTO CRI_table(Country,Normalize) VALUES ('Cameroon','0.83958159');
INSERT INTO CRI_table(Country,Normalize) VALUES ('Canada','0.13665272');
INSERT INTO CRI_table(Country,Normalize) VALUES ('Cape Verde','1');
INSERT INTO CRI_table(Country,Normalize) VALUES ('Central African Republic','0.549539749');
INSERT INTO CRI_table(Country,Normalize) VALUES ('Chad','1');
INSERT INTO CRI_table(Country,Normalize) VALUES ('Chile','0.633221757');
INSERT INTO CRI_table(Country,Normalize) VALUES ('China','0.331966527');
INSERT INTO CRI_table(Country,Normalize) VALUES ('Chinese Taipei','0.559246862');
INSERT INTO CRI_table(Country,Normalize) VALUES ('Colombia','0.464435146');
INSERT INTO CRI_table(Country,Normalize) VALUES ('Comoros','1');
INSERT INTO CRI_table(Country,Normalize) VALUES ('Costa Rica','0.66251046');
INSERT INTO CRI_table(Country,Normalize) VALUES ('Côte d''Ivoire','0.70292887');
INSERT INTO CRI_table(Country,Normalize) VALUES ('Croatia','0.860502092');
INSERT INTO CRI_table(Country,Normalize) VALUES ('Cyprus','0.569037657');
INSERT INTO CRI_table(Country,Normalize) VALUES ('Czech Republic','0.345857741');
INSERT INTO CRI_table(Country,Normalize) VALUES ('Democratic Republic of the Congo','0.53832636');
INSERT INTO CRI_table(Country,Normalize) VALUES ('Democratic Republic of Ti-mor-Leste','1');
INSERT INTO CRI_table(Country,Normalize) VALUES ('Denmark','0.467196653');
INSERT INTO CRI_table(Country,Normalize) VALUES ('Djibouti','0.327782427');
INSERT INTO CRI_table(Country,Normalize) VALUES ('Dominica','1');
INSERT INTO CRI_table(Country,Normalize) VALUES ('Dominican Republic','0.677824268');
INSERT INTO CRI_table(Country,Normalize) VALUES ('Ecuador','0.765690377');
INSERT INTO CRI_table(Country,Normalize) VALUES ('Egypt','0.905188285');
INSERT INTO CRI_table(Country,Normalize) VALUES ('El Salvador','0.324937238');
INSERT INTO CRI_table(Country,Normalize) VALUES ('Eritrea','1');
INSERT INTO CRI_table(Country,Normalize) VALUES ('Estonia','0.711297071');
INSERT INTO CRI_table(Country,Normalize) VALUES ('Eswatini','0.76292887');
INSERT INTO CRI_table(Country,Normalize) VALUES ('Ethiopia','0.479748954');
INSERT INTO CRI_table(Country,Normalize) VALUES ('Fiji','0.142259414');
INSERT INTO CRI_table(Country,Normalize) VALUES ('Finland','1');
INSERT INTO CRI_table(Country,Normalize) VALUES ('France','0.340334728');
INSERT INTO CRI_table(Country,Normalize) VALUES ('Gabon','1');
INSERT INTO CRI_table(Country,Normalize) VALUES ('Georgia','0.772635983');
INSERT INTO CRI_table(Country,Normalize) VALUES ('Germany','0.069707113');
INSERT INTO CRI_table(Country,Normalize) VALUES ('Ghana','0.525774059');
INSERT INTO CRI_table(Country,Normalize) VALUES ('Greece','0.152050209');
INSERT INTO CRI_table(Country,Normalize) VALUES ('Greenland','0.4486135');
INSERT INTO CRI_table(Country,Normalize) VALUES ('Grenada','0.543933054');
INSERT INTO CRI_table(Country,Normalize) VALUES ('Guatemala','0.601087866');
INSERT INTO CRI_table(Country,Normalize) VALUES ('Guinea','1');
INSERT INTO CRI_table(Country,Normalize) VALUES ('Guinea-Bissau','0.351464435');
INSERT INTO CRI_table(Country,Normalize) VALUES ('Guyana','1');
INSERT INTO CRI_table(Country,Normalize) VALUES ('Haiti','0.695983264');
INSERT INTO CRI_table(Country,Normalize) VALUES ('Honduras','0.386359833');
INSERT INTO CRI_table(Country,Normalize) VALUES ('Hungary','0.850794979');
INSERT INTO CRI_table(Country,Normalize) VALUES ('Iceland','1');
INSERT INTO CRI_table(Country,Normalize) VALUES ('India','0.106025105');
INSERT INTO CRI_table(Country,Normalize) VALUES ('Indonesia','0.524435146');
INSERT INTO CRI_table(Country,Normalize) VALUES ('Iraq','0.527196653');
INSERT INTO CRI_table(Country,Normalize) VALUES ('Ireland','0.594142259');
INSERT INTO CRI_table(Country,Normalize) VALUES ('Afghanistan','0.255230126');
INSERT INTO CRI_table(Country,Normalize) VALUES ('Iran','0.496485356');
INSERT INTO CRI_table(Country,Normalize) VALUES ('Israel','0.70292887');
INSERT INTO CRI_table(Country,Normalize) VALUES ('Italy','0.235732218');
INSERT INTO CRI_table(Country,Normalize) VALUES ('Jamaica','0.870292887');
INSERT INTO CRI_table(Country,Normalize) VALUES ('Japan','0.01');
INSERT INTO CRI_table(Country,Normalize) VALUES ('Jordan','0.396731969');
INSERT INTO CRI_table(Country,Normalize) VALUES ('Kazakhstan','0.767196697');
INSERT INTO CRI_table(Country,Normalize) VALUES ('Kenya','0.074672758');
INSERT INTO CRI_table(Country,Normalize) VALUES ('Kiribati','1');
INSERT INTO CRI_table(Country,Normalize) VALUES ('Korea, Republic of','0.57392603');
INSERT INTO CRI_table(Country,Normalize) VALUES ('Kosovo','1');
INSERT INTO CRI_table(Country,Normalize) VALUES ('Kuwait','0.453834666');
INSERT INTO CRI_table(Country,Normalize) VALUES ('Kyrgyz Republic','0.934112273');
INSERT INTO CRI_table(Country,Normalize) VALUES ('Lao','0.213739787');
INSERT INTO CRI_table(Country,Normalize) VALUES ('Latvia','0.341122727');
INSERT INTO CRI_table(Country,Normalize) VALUES ('Lebanon','0.491961697');
INSERT INTO CRI_table(Country,Normalize) VALUES ('Lesotho','0.442150575');
INSERT INTO CRI_table(Country,Normalize) VALUES ('Liberia','1');
INSERT INTO CRI_table(Country,Normalize) VALUES ('Libya','1');
INSERT INTO CRI_table(Country,Normalize) VALUES ('Lithuania','0.15953615');
INSERT INTO CRI_table(Country,Normalize) VALUES ('Luxembourg','0.642712817');
INSERT INTO CRI_table(Country,Normalize) VALUES ('Madagascar','0.040938241');
INSERT INTO CRI_table(Country,Normalize) VALUES ('Malawi','0.636914697');
INSERT INTO CRI_table(Country,Normalize) VALUES ('Malaysia','0.647105333');
INSERT INTO CRI_table(Country,Normalize) VALUES ('Maldives','0.809628393');
INSERT INTO CRI_table(Country,Normalize) VALUES ('Mali','1');
INSERT INTO CRI_table(Country,Normalize) VALUES ('Malta','1');
INSERT INTO CRI_table(Country,Normalize) VALUES ('Marshall Islands','1');
INSERT INTO CRI_table(Country,Normalize) VALUES ('Mauritania','0.789159273');
INSERT INTO CRI_table(Country,Normalize) VALUES ('Mauritius','0.594395151');
INSERT INTO CRI_table(Country,Normalize) VALUES ('Mexico','0.232803303');
INSERT INTO CRI_table(Country,Normalize) VALUES ('Micronesia','1');
INSERT INTO CRI_table(Country,Normalize) VALUES ('Moldova','1');
INSERT INTO CRI_table(Country,Normalize) VALUES ('Mongolia','0.13616797');
INSERT INTO CRI_table(Country,Normalize) VALUES ('Montenegro','0.764297637');
INSERT INTO CRI_table(Country,Normalize) VALUES ('Morocco','1');
INSERT INTO CRI_table(Country,Normalize) VALUES ('Mozambique','0.439251515');
INSERT INTO CRI_table(Country,Normalize) VALUES ('Myanmar','0.374769393');
INSERT INTO CRI_table(Country,Normalize) VALUES ('Namibia','0.597382061');
INSERT INTO CRI_table(Country,Normalize) VALUES ('Nepal','0.162523061');
INSERT INTO CRI_table(Country,Normalize) VALUES ('Netherlands','0.491961697');
INSERT INTO CRI_table(Country,Normalize) VALUES ('New Zealand','0.368971273');
INSERT INTO CRI_table(Country,Normalize) VALUES ('Nicaragua','0.430466485');
INSERT INTO CRI_table(Country,Normalize) VALUES ('Niger','0.250373364');
INSERT INTO CRI_table(Country,Normalize) VALUES ('Nigeria','0.155143635');
INSERT INTO CRI_table(Country,Normalize) VALUES ('North Macedonia','1');
INSERT INTO CRI_table(Country,Normalize) VALUES ('Norway','0.639813757');
INSERT INTO CRI_table(Country,Normalize) VALUES ('Oman','0.115610999');
INSERT INTO CRI_table(Country,Normalize) VALUES ('Pakistan','0.673460423');
INSERT INTO CRI_table(Country,Normalize) VALUES ('Panama','0.633927787');
INSERT INTO CRI_table(Country,Normalize) VALUES ('Papua New Guinea','1');
INSERT INTO CRI_table(Country,Normalize) VALUES ('Paraguay','0.862338575');
INSERT INTO CRI_table(Country,Normalize) VALUES ('Peru','0.72766406');
INSERT INTO CRI_table(Country,Normalize) VALUES ('Philippines','0.1');
INSERT INTO CRI_table(Country,Normalize) VALUES ('Poland','0.283018868');
INSERT INTO CRI_table(Country,Normalize) VALUES ('Portugal','0.48745283');
INSERT INTO CRI_table(Country,Normalize) VALUES ('Puerto Rico','0.836509434');
INSERT INTO CRI_table(Country,Normalize) VALUES ('Qatar','1');
INSERT INTO CRI_table(Country,Normalize) VALUES ('Republic of Yemen','0.210660377');
INSERT INTO CRI_table(Country,Normalize) VALUES ('Romania','0.591226415');
INSERT INTO CRI_table(Country,Normalize) VALUES ('Russia','0.533018868');
INSERT INTO CRI_table(Country,Normalize) VALUES ('Rwanda','0.020471698');
INSERT INTO CRI_table(Country,Normalize) VALUES ('Samoa','0.485849057');
INSERT INTO CRI_table(Country,Normalize) VALUES ('Saudi Arabia','0.655660377');
INSERT INTO CRI_table(Country,Normalize) VALUES ('Senegal','0.806603774');
INSERT INTO CRI_table(Country,Normalize) VALUES ('Serbia','0.438679245');
INSERT INTO CRI_table(Country,Normalize) VALUES ('Seychelles','1');
INSERT INTO CRI_table(Country,Normalize) VALUES ('Sierra Leone','1');
INSERT INTO CRI_table(Country,Normalize) VALUES ('Singapore','1');
INSERT INTO CRI_table(Country,Normalize) VALUES ('Slovak Republic','0.654056604');
INSERT INTO CRI_table(Country,Normalize) VALUES ('Slovenia','0.366320755');
INSERT INTO CRI_table(Country,Normalize) VALUES ('Solomon Islands','0.228018868');
INSERT INTO CRI_table(Country,Normalize) VALUES ('South Africa','0.323867925');
INSERT INTO CRI_table(Country,Normalize) VALUES ('South Sudan','0.91509434');
INSERT INTO CRI_table(Country,Normalize) VALUES ('Spain','0.270471698');
INSERT INTO CRI_table(Country,Normalize) VALUES ('Sri Lanka','0.1');
INSERT INTO CRI_table(Country,Normalize) VALUES ('St. Kitts and Nevis','1');
INSERT INTO CRI_table(Country,Normalize) VALUES ('St. Lucia','1');
INSERT INTO CRI_table(Country,Normalize) VALUES ('St. Vincent and the Grenadines','1');
INSERT INTO CRI_table(Country,Normalize) VALUES ('Sudan','0.252051003');
INSERT INTO CRI_table(Country,Normalize) VALUES ('Suriname','1');
INSERT INTO CRI_table(Country,Normalize) VALUES ('Sweden','0.64416329');
INSERT INTO CRI_table(Country,Normalize) VALUES ('Switzerland','0.492636157');
INSERT INTO CRI_table(Country,Normalize) VALUES ('Tajikistan','0.467925274');
INSERT INTO CRI_table(Country,Normalize) VALUES ('Tanzania','0.454680241');
INSERT INTO CRI_table(Country,Normalize) VALUES ('Thailand','0.444795888');
INSERT INTO CRI_table(Country,Normalize) VALUES ('The Bahamas','1');
INSERT INTO CRI_table(Country,Normalize) VALUES ('The Gambia','1');
INSERT INTO CRI_table(Country,Normalize) VALUES ('Togo','1');
INSERT INTO CRI_table(Country,Normalize) VALUES ('Tonga','0.013245033');
INSERT INTO CRI_table(Country,Normalize) VALUES ('Trinidad and Tobago','0.568350301');
INSERT INTO CRI_table(Country,Normalize) VALUES ('Tunisia','0.227340121');
INSERT INTO CRI_table(Country,Normalize) VALUES ('Turkey','0.547000099');
INSERT INTO CRI_table(Country,Normalize) VALUES ('Tuvalu','1');
INSERT INTO CRI_table(Country,Normalize) VALUES ('Uganda','0.008302857');
INSERT INTO CRI_table(Country,Normalize) VALUES ('Ukraine','0.805574775');
INSERT INTO CRI_table(Country,Normalize) VALUES ('United Arab Emirates','1');
INSERT INTO CRI_table(Country,Normalize) VALUES ('United Kingdom','0.494217653');
INSERT INTO CRI_table(Country,Normalize) VALUES ('United States of America','0.1');
INSERT INTO CRI_table(Country,Normalize) VALUES ('Uruguay','0.096124659');
INSERT INTO CRI_table(Country,Normalize) VALUES ('Uzbekistan','1');
INSERT INTO CRI_table(Country,Normalize) VALUES ('Vanuatu','0.187190124');
INSERT INTO CRI_table(Country,Normalize) VALUES ('Venezuela','0.789234038');
INSERT INTO CRI_table(Country,Normalize) VALUES ('Vietnam','0.1');
INSERT INTO CRI_table(Country,Normalize) VALUES ('Zambia','1');
INSERT INTO CRI_table(Country,Normalize) VALUES ('Zimbabwe','0.1');


CREATE TABLE IF NOT EXISTS soil_table(
   Country          VARCHAR(100) NOT NULL PRIMARY KEY
  ,soil NUMERIC(4,1) NOT NULL
);
INSERT INTO soil_table(Country,soil) VALUES ('Afghanistan',2.5);
INSERT INTO soil_table(Country,soil) VALUES ('Albania',8.5);
INSERT INTO soil_table(Country,soil) VALUES ('Algeria',2.5);
INSERT INTO soil_table(Country,soil) VALUES ('Andorra',6.0);
INSERT INTO soil_table(Country,soil) VALUES ('Angola',4.0);
INSERT INTO soil_table(Country,soil) VALUES ('Antigua and Barbuda',5.5);
INSERT INTO soil_table(Country,soil) VALUES ('Argentina',8.5);
INSERT INTO soil_table(Country,soil) VALUES ('Armenia',7.5);
INSERT INTO soil_table(Country,soil) VALUES ('Australia',3.0);
INSERT INTO soil_table(Country,soil) VALUES ('Austria',6.0);
INSERT INTO soil_table(Country,soil) VALUES ('Azerbaijan',3.5);
INSERT INTO soil_table(Country,soil) VALUES ('Bahamas',4.5);
INSERT INTO soil_table(Country,soil) VALUES ('Bahrain',2.5);
INSERT INTO soil_table(Country,soil) VALUES ('Bangladesh',4.0);
INSERT INTO soil_table(Country,soil) VALUES ('Barbados',9.0);
INSERT INTO soil_table(Country,soil) VALUES ('Belarus',6.5);
INSERT INTO soil_table(Country,soil) VALUES ('Belgium',6.0);
INSERT INTO soil_table(Country,soil) VALUES ('Belize',7.0);
INSERT INTO soil_table(Country,soil) VALUES ('Benin',4.0);
INSERT INTO soil_table(Country,soil) VALUES ('Bhutan',6.0);
INSERT INTO soil_table(Country,soil) VALUES ('Bolivia',8.5);
INSERT INTO soil_table(Country,soil) VALUES ('Bosnia and Herzegovina',8.5);
INSERT INTO soil_table(Country,soil) VALUES ('Botswana',2.5);
INSERT INTO soil_table(Country,soil) VALUES ('Brazil',4.0);
INSERT INTO soil_table(Country,soil) VALUES ('Brunei Darussalam',4.0);
INSERT INTO soil_table(Country,soil) VALUES ('Bulgaria',8.5);
INSERT INTO soil_table(Country,soil) VALUES ('Burkina Faso',3.0);
INSERT INTO soil_table(Country,soil) VALUES ('Burundi',4.0);
INSERT INTO soil_table(Country,soil) VALUES ('Cabo Verde',2.5);
INSERT INTO soil_table(Country,soil) VALUES ('Cambodia',4.0);
INSERT INTO soil_table(Country,soil) VALUES ('Cameroon',4.0);
INSERT INTO soil_table(Country,soil) VALUES ('Canada',6.7);
INSERT INTO soil_table(Country,soil) VALUES ('Central African Republic',4.0);
INSERT INTO soil_table(Country,soil) VALUES ('Chad',2.5);
INSERT INTO soil_table(Country,soil) VALUES ('Chile',6.3);
INSERT INTO soil_table(Country,soil) VALUES ('China',6.7);
INSERT INTO soil_table(Country,soil) VALUES ('Colombia',4.0);
INSERT INTO soil_table(Country,soil) VALUES ('Comoros',5.5);
INSERT INTO soil_table(Country,soil) VALUES ('Democratic Republic of the Congo',4.0);
INSERT INTO soil_table(Country,soil) VALUES ('Costa Rica',9.0);
INSERT INTO soil_table(Country,soil) VALUES ('Côte d''Ivoire',4.0);
INSERT INTO soil_table(Country,soil) VALUES ('Croatia',8.5);
INSERT INTO soil_table(Country,soil) VALUES ('Cuba',7.0);
INSERT INTO soil_table(Country,soil) VALUES ('Cyprus',6.0);
INSERT INTO soil_table(Country,soil) VALUES ('Czech Republic',8.5);
INSERT INTO soil_table(Country,soil) VALUES ('Denmark',6.0);
INSERT INTO soil_table(Country,soil) VALUES ('Djibouti',2.5);
INSERT INTO soil_table(Country,soil) VALUES ('Dominica',5.5);
INSERT INTO soil_table(Country,soil) VALUES ('Dominican Republic',7.0);
INSERT INTO soil_table(Country,soil) VALUES ('East Timor (Timor-Leste)',4.5);
INSERT INTO soil_table(Country,soil) VALUES ('Ecuador',5.5);
INSERT INTO soil_table(Country,soil) VALUES ('Egypt',2.5);
INSERT INTO soil_table(Country,soil) VALUES ('El Salvador',9.0);
INSERT INTO soil_table(Country,soil) VALUES ('Equatorial Guinea',4.0);
INSERT INTO soil_table(Country,soil) VALUES ('Eritrea',2.5);
INSERT INTO soil_table(Country,soil) VALUES ('Estonia',6.5);
INSERT INTO soil_table(Country,soil) VALUES ('Eswatini (Swaziland)',5.0);
INSERT INTO soil_table(Country,soil) VALUES ('Ethiopia',6.5);
INSERT INTO soil_table(Country,soil) VALUES ('Fiji',9.0);
INSERT INTO soil_table(Country,soil) VALUES ('Finland',4.5);
INSERT INTO soil_table(Country,soil) VALUES ('France',7.3);
INSERT INTO soil_table(Country,soil) VALUES ('Gabon',4.0);
INSERT INTO soil_table(Country,soil) VALUES ('Gambia',4.0);
INSERT INTO soil_table(Country,soil) VALUES ('Georgia',6.0);
INSERT INTO soil_table(Country,soil) VALUES ('Germany',6.0);
INSERT INTO soil_table(Country,soil) VALUES ('Ghana',4.0);
INSERT INTO soil_table(Country,soil) VALUES ('Greece',6.0);
INSERT INTO soil_table(Country,soil) VALUES ('Grenada',5.5);
INSERT INTO soil_table(Country,soil) VALUES ('Guatemala',9.0);
INSERT INTO soil_table(Country,soil) VALUES ('Guinea',4.0);
INSERT INTO soil_table(Country,soil) VALUES ('Guinea-Bissau',4.0);
INSERT INTO soil_table(Country,soil) VALUES ('Guyana',4.0);
INSERT INTO soil_table(Country,soil) VALUES ('Haiti',7.0);
INSERT INTO soil_table(Country,soil) VALUES ('Honduras',9.0);
INSERT INTO soil_table(Country,soil) VALUES ('Hungary',8.5);
INSERT INTO soil_table(Country,soil) VALUES ('Iceland',7.0);
INSERT INTO soil_table(Country,soil) VALUES ('India',6.3);
INSERT INTO soil_table(Country,soil) VALUES ('Indonesia',4.0);
INSERT INTO soil_table(Country,soil) VALUES ('Iran',3.3);
INSERT INTO soil_table(Country,soil) VALUES ('Iraq',2.5);
INSERT INTO soil_table(Country,soil) VALUES ('Ireland',5.5);
INSERT INTO soil_table(Country,soil) VALUES ('Israel',2.5);
INSERT INTO soil_table(Country,soil) VALUES ('Italy',7.5);
INSERT INTO soil_table(Country,soil) VALUES ('Jamaica',9.0);
INSERT INTO soil_table(Country,soil) VALUES ('Japan',6.7);
INSERT INTO soil_table(Country,soil) VALUES ('Jordan',2.5);
INSERT INTO soil_table(Country,soil) VALUES ('Kazakhstan',6.0);
INSERT INTO soil_table(Country,soil) VALUES ('Kenya',6.3);
INSERT INTO soil_table(Country,soil) VALUES ('Kiribati',3.0);
INSERT INTO soil_table(Country,soil) VALUES ('Kuwait',2.5);
INSERT INTO soil_table(Country,soil) VALUES ('Kyrgyzstan',4.0);
INSERT INTO soil_table(Country,soil) VALUES ('Laos',4.0);
INSERT INTO soil_table(Country,soil) VALUES ('Latvia',6.5);
INSERT INTO soil_table(Country,soil) VALUES ('Lebanon',6.0);
INSERT INTO soil_table(Country,soil) VALUES ('Lesotho',6.5);
INSERT INTO soil_table(Country,soil) VALUES ('Liberia',4.0);
INSERT INTO soil_table(Country,soil) VALUES ('Libya',2.5);
INSERT INTO soil_table(Country,soil) VALUES ('Liechtenstein',6.0);
INSERT INTO soil_table(Country,soil) VALUES ('Lithuania',6.5);
INSERT INTO soil_table(Country,soil) VALUES ('Luxembourg',6.0);
INSERT INTO soil_table(Country,soil) VALUES ('Madagascar',4.0);
INSERT INTO soil_table(Country,soil) VALUES ('Malawi',5.5);
INSERT INTO soil_table(Country,soil) VALUES ('Malaysia',4.0);
INSERT INTO soil_table(Country,soil) VALUES ('Maldives',3.0);
INSERT INTO soil_table(Country,soil) VALUES ('Mali',2.5);
INSERT INTO soil_table(Country,soil) VALUES ('Malta',6.0);
INSERT INTO soil_table(Country,soil) VALUES ('Marshall Islands',3.0);
INSERT INTO soil_table(Country,soil) VALUES ('Mauritania',2.5);
INSERT INTO soil_table(Country,soil) VALUES ('Mauritius',5.5);
INSERT INTO soil_table(Country,soil) VALUES ('Mexico',6.7);
INSERT INTO soil_table(Country,soil) VALUES ('Micronesia',3.0);
INSERT INTO soil_table(Country,soil) VALUES ('Moldova',8.5);
INSERT INTO soil_table(Country,soil) VALUES ('Monaco',6.0);
INSERT INTO soil_table(Country,soil) VALUES ('Mongolia',5.0);
INSERT INTO soil_table(Country,soil) VALUES ('Montenegro',8.5);
INSERT INTO soil_table(Country,soil) VALUES ('Morocco',4.5);
INSERT INTO soil_table(Country,soil) VALUES ('Mozambique',4.0);
INSERT INTO soil_table(Country,soil) VALUES ('Myanmar',5.5);
INSERT INTO soil_table(Country,soil) VALUES ('Namibia',2.5);
INSERT INTO soil_table(Country,soil) VALUES ('Nauru',3.0);
INSERT INTO soil_table(Country,soil) VALUES ('Nepal',6.0);
INSERT INTO soil_table(Country,soil) VALUES ('Netherlands',6.5);
INSERT INTO soil_table(Country,soil) VALUES ('New Zealand',7.5);
INSERT INTO soil_table(Country,soil) VALUES ('Nicaragua',9.0);
INSERT INTO soil_table(Country,soil) VALUES ('Niger',2.5);
INSERT INTO soil_table(Country,soil) VALUES ('Nigeria',4.0);
INSERT INTO soil_table(Country,soil) VALUES ('North Macedonia',8.5);
INSERT INTO soil_table(Country,soil) VALUES ('Norway',4.5);
INSERT INTO soil_table(Country,soil) VALUES ('Oman',2.5);
INSERT INTO soil_table(Country,soil) VALUES ('Pakistan',3.3);
INSERT INTO soil_table(Country,soil) VALUES ('Palau',4.0);
INSERT INTO soil_table(Country,soil) VALUES ('Panama',9.0);
INSERT INTO soil_table(Country,soil) VALUES ('Papua New Guinea',6.0);
INSERT INTO soil_table(Country,soil) VALUES ('Paraguay',8.5);
INSERT INTO soil_table(Country,soil) VALUES ('Peru',6.3);
INSERT INTO soil_table(Country,soil) VALUES ('Philippines',6.0);
INSERT INTO soil_table(Country,soil) VALUES ('Poland',8.5);
INSERT INTO soil_table(Country,soil) VALUES ('Portugal',6.0);
INSERT INTO soil_table(Country,soil) VALUES ('Qatar',2.5);
INSERT INTO soil_table(Country,soil) VALUES ('Romania',8.5);
INSERT INTO soil_table(Country,soil) VALUES ('Russia',6.7);
INSERT INTO soil_table(Country,soil) VALUES ('Rwanda',4.0);
INSERT INTO soil_table(Country,soil) VALUES ('Saint Kitts and Nevis',9.0);
INSERT INTO soil_table(Country,soil) VALUES ('Saint Lucia',9.0);
INSERT INTO soil_table(Country,soil) VALUES ('Saint Vincent and the Grenadines',9.0);
INSERT INTO soil_table(Country,soil) VALUES ('Samoa',9.0);
INSERT INTO soil_table(Country,soil) VALUES ('San Marino',6.0);
INSERT INTO soil_table(Country,soil) VALUES ('Sao Tome and Principe',4.0);
INSERT INTO soil_table(Country,soil) VALUES ('Saudi Arabia',2.5);
INSERT INTO soil_table(Country,soil) VALUES ('Senegal',4.0);
INSERT INTO soil_table(Country,soil) VALUES ('Serbia',8.5);
INSERT INTO soil_table(Country,soil) VALUES ('Seychelles',4.0);
INSERT INTO soil_table(Country,soil) VALUES ('Sierra Leone',4.0);
INSERT INTO soil_table(Country,soil) VALUES ('Singapore',4.0);
INSERT INTO soil_table(Country,soil) VALUES ('Slovakia',8.5);
INSERT INTO soil_table(Country,soil) VALUES ('Slovenia',8.5);
INSERT INTO soil_table(Country,soil) VALUES ('Solomon Islands',9.0);
INSERT INTO soil_table(Country,soil) VALUES ('Somalia',2.5);
INSERT INTO soil_table(Country,soil) VALUES ('South Africa',6.3);
INSERT INTO soil_table(Country,soil) VALUES ('South Korea',5.0);
INSERT INTO soil_table(Country,soil) VALUES ('South Sudan',5.0);
INSERT INTO soil_table(Country,soil) VALUES ('Spain',7.3);
INSERT INTO soil_table(Country,soil) VALUES ('Sri Lanka',4.0);
INSERT INTO soil_table(Country,soil) VALUES ('Sudan',2.5);
INSERT INTO soil_table(Country,soil) VALUES ('Suriname',4.0);
INSERT INTO soil_table(Country,soil) VALUES ('Sweden',4.5);
INSERT INTO soil_table(Country,soil) VALUES ('Switzerland',6.0);
INSERT INTO soil_table(Country,soil) VALUES ('Syria',2.5);
INSERT INTO soil_table(Country,soil) VALUES ('Taiwan',6.7);
INSERT INTO soil_table(Country,soil) VALUES ('Tajikistan',3.3);
INSERT INTO soil_table(Country,soil) VALUES ('Tanzania',6.3);
INSERT INTO soil_table(Country,soil) VALUES ('Thailand',5.5);
INSERT INTO soil_table(Country,soil) VALUES ('Timor-Leste',4.0);
INSERT INTO soil_table(Country,soil) VALUES ('Togo',4.0);
INSERT INTO soil_table(Country,soil) VALUES ('Tonga',9.0);
INSERT INTO soil_table(Country,soil) VALUES ('Trinidad and Tobago',9.0);
INSERT INTO soil_table(Country,soil) VALUES ('Tunisia',4.5);
INSERT INTO soil_table(Country,soil) VALUES ('Turkey',6.3);
INSERT INTO soil_table(Country,soil) VALUES ('Turkmenistan',2.5);
INSERT INTO soil_table(Country,soil) VALUES ('Tuvalu',3.0);
INSERT INTO soil_table(Country,soil) VALUES ('Uganda',4.0);
INSERT INTO soil_table(Country,soil) VALUES ('Ukraine',8.5);
INSERT INTO soil_table(Country,soil) VALUES ('United Arab Emirates',2.5);
INSERT INTO soil_table(Country,soil) VALUES ('United Kingdom',6.0);
INSERT INTO soil_table(Country,soil) VALUES ('United States of America',6.3);
INSERT INTO soil_table(Country,soil) VALUES ('Uruguay',8.5);
INSERT INTO soil_table(Country,soil) VALUES ('Uzbekistan',2.5);
INSERT INTO soil_table(Country,soil) VALUES ('Vanuatu',9.0);
INSERT INTO soil_table(Country,soil) VALUES ('Vatican City',6.0);
INSERT INTO soil_table(Country,soil) VALUES ('Venezuela',5.0);
INSERT INTO soil_table(Country,soil) VALUES ('Vietnam',4.0);
INSERT INTO soil_table(Country,soil) VALUES ('Yemen',2.5);
INSERT INTO soil_table(Country,soil) VALUES ('Zambia',5.5);
INSERT INTO soil_table(Country,soil) VALUES ('Zimbabwe',5.5);


CREATE TABLE IF NOT EXISTS rainfall(
   Country               VARCHAR(100) NOT NULL PRIMARY KEY,
   Precipitation_Average NUMERIC(10,1) NOT NULL,
   rate_of_change        NUMERIC(10,8)  NOT NULL
);
INSERT INTO rainfall(Country, Precipitation_Average, rate_of_change) VALUES ('Afghanistan', 327, -0.093248082);
INSERT INTO rainfall(Country, Precipitation_Average, rate_of_change) VALUES ('Angola', 1010, -1.815296256);
INSERT INTO rainfall(Country, Precipitation_Average, rate_of_change) VALUES ('Albania', 1485, -0.314114343);
INSERT INTO rainfall(Country, Precipitation_Average, rate_of_change) VALUES ('United Arab Emirates', 78, 0.611870409);
INSERT INTO rainfall(Country, Precipitation_Average, rate_of_change) VALUES ('Argentina', 591, -0.349547433);
INSERT INTO rainfall(Country, Precipitation_Average, rate_of_change) VALUES ('Armenia', 562, -1.815296256);
INSERT INTO rainfall(Country, Precipitation_Average, rate_of_change) VALUES ('Antigua and Barbuda', 1030, -0.093248082);
INSERT INTO rainfall(Country, Precipitation_Average, rate_of_change) VALUES ('Australia', 534, -0.314114343);
INSERT INTO rainfall(Country, Precipitation_Average, rate_of_change) VALUES ('Austria', 1110, 0.611870409);
INSERT INTO rainfall(Country, Precipitation_Average, rate_of_change) VALUES ('Azerbaijan', 447, -0.349547433);
INSERT INTO rainfall(Country, Precipitation_Average, rate_of_change) VALUES ('Burundi', 1274, -0.093248082);
INSERT INTO rainfall(Country, Precipitation_Average, rate_of_change) VALUES ('Belgium', 847, -0.314114343);
INSERT INTO rainfall(Country, Precipitation_Average, rate_of_change) VALUES ('Benin', 1039, 0.611870409);
INSERT INTO rainfall(Country, Precipitation_Average, rate_of_change) VALUES ('Burkina Faso', 748, -0.349547433);
INSERT INTO rainfall(Country, Precipitation_Average, rate_of_change) VALUES ('Bangladesh', 2666, -1.815296256);
INSERT INTO rainfall(Country, Precipitation_Average, rate_of_change) VALUES ('Bulgaria', 608, -0.093248082);
INSERT INTO rainfall(Country, Precipitation_Average, rate_of_change) VALUES ('Bahrain', 83, -0.314114343);
INSERT INTO rainfall(Country, Precipitation_Average, rate_of_change) VALUES ('Bahamas, The', 1292, 0.611870409);
INSERT INTO rainfall(Country, Precipitation_Average, rate_of_change) VALUES ('Bosnia and Herzegovina', 1028, -0.349547433);
INSERT INTO rainfall(Country, Precipitation_Average, rate_of_change) VALUES ('Belarus', 618, -1.815296256);
INSERT INTO rainfall(Country, Precipitation_Average, rate_of_change) VALUES ('Belize', 1705, -0.093248082);
INSERT INTO rainfall(Country, Precipitation_Average, rate_of_change) VALUES ('Bolivia', 1146, -0.314114343);
INSERT INTO rainfall(Country, Precipitation_Average, rate_of_change) VALUES ('Brazil', 1761, 0.611870409);
INSERT INTO rainfall(Country, Precipitation_Average, rate_of_change) VALUES ('Barbados', 1422, -0.349547433);
INSERT INTO rainfall(Country, Precipitation_Average, rate_of_change) VALUES ('Brunei Darussalam', 2722, -1.815296256);
INSERT INTO rainfall(Country, Precipitation_Average, rate_of_change) VALUES ('Bhutan', 2200, -0.093248082);
INSERT INTO rainfall(Country, Precipitation_Average, rate_of_change) VALUES ('Botswana', 416, -0.314114343);
INSERT INTO rainfall(Country, Precipitation_Average, rate_of_change) VALUES ('Central African Republic', 1343, 0.611870409);
INSERT INTO rainfall(Country, Precipitation_Average, rate_of_change) VALUES ('Canada', 537, -0.349547433);
INSERT INTO rainfall(Country, Precipitation_Average, rate_of_change) VALUES ('Chile', 1522, -0.093248082);
INSERT INTO rainfall(Country, Precipitation_Average, rate_of_change) VALUES ('China', 645, -0.314114343);
INSERT INTO rainfall(Country, Precipitation_Average, rate_of_change) VALUES ('Cote d''Ivoire', 1348, 0.611870409);
INSERT INTO rainfall(Country, Precipitation_Average, rate_of_change) VALUES ('Cameroon', 1604, -0.349547433);
INSERT INTO rainfall(Country, Precipitation_Average, rate_of_change) VALUES ('Democratic Republic of the Congo', 1543, -1.815296256);
INSERT INTO rainfall(Country, Precipitation_Average, rate_of_change) VALUES ('Colombia', 3240, -0.314114343);
INSERT INTO rainfall(Country, Precipitation_Average, rate_of_change) VALUES ('Comoros', 900, 0.611870409);
INSERT INTO rainfall(Country, Precipitation_Average, rate_of_change) VALUES ('Cabo Verde', 228, -0.349547433);
INSERT INTO rainfall(Country, Precipitation_Average, rate_of_change) VALUES ('Costa Rica', 2926, -1.815296256);
INSERT INTO rainfall(Country, Precipitation_Average, rate_of_change) VALUES ('Cuba', 1335, -0.093248082);
INSERT INTO rainfall(Country, Precipitation_Average, rate_of_change) VALUES ('Cyprus', 498, -0.314114343);
INSERT INTO rainfall(Country, Precipitation_Average, rate_of_change) VALUES ('Czechia', 677, 0.611870409);
INSERT INTO rainfall(Country, Precipitation_Average, rate_of_change) VALUES ('Germany', 700, -0.349547433);
INSERT INTO rainfall(Country, Precipitation_Average, rate_of_change) VALUES ('Djibouti', 220, -1.815296256);
INSERT INTO rainfall(Country, Precipitation_Average, rate_of_change) VALUES ('Dominica', 2083, -0.093248082);
INSERT INTO rainfall(Country, Precipitation_Average, rate_of_change) VALUES ('Denmark', 703, -0.314114343);
INSERT INTO rainfall(Country, Precipitation_Average, rate_of_change) VALUES ('Dominican Republic', 1410, 0.611870409);
INSERT INTO rainfall(Country, Precipitation_Average, rate_of_change) VALUES ('Algeria', 89, -0.349547433);
INSERT INTO rainfall(Country, Precipitation_Average, rate_of_change) VALUES ('Ecuador', 2274, -1.815296256);
INSERT INTO rainfall(Country, Precipitation_Average, rate_of_change) VALUES ('Egypt, Arab Rep.', 18.1, -0.093248082);
INSERT INTO rainfall(Country, Precipitation_Average, rate_of_change) VALUES ('Eritrea', 384, -0.314114343);
INSERT INTO rainfall(Country, Precipitation_Average, rate_of_change) VALUES ('Spain', 636, 0.611870409);
INSERT INTO rainfall(Country, Precipitation_Average, rate_of_change) VALUES ('Estonia', 626, -0.349547433);
INSERT INTO rainfall(Country, Precipitation_Average, rate_of_change) VALUES ('Ethiopia', 848, -1.815296256);
INSERT INTO rainfall(Country, Precipitation_Average, rate_of_change) VALUES ('Finland', 536, -0.093248082);
INSERT INTO rainfall(Country, Precipitation_Average, rate_of_change) VALUES ('Fiji', 2592, -0.314114343);
INSERT INTO rainfall(Country, Precipitation_Average, rate_of_change) VALUES ('France', 867, 0.611870409);
INSERT INTO rainfall(Country, Precipitation_Average, rate_of_change) VALUES ('Gabon', 1831, -0.349547433);
INSERT INTO rainfall(Country, Precipitation_Average, rate_of_change) VALUES ('United Kingdom', 1220, -1.815296256);
INSERT INTO rainfall(Country, Precipitation_Average, rate_of_change) VALUES ('Georgia', 1026, -0.093248082);
INSERT INTO rainfall(Country, Precipitation_Average, rate_of_change) VALUES ('Ghana', 1187, -0.314114343);
INSERT INTO rainfall(Country, Precipitation_Average, rate_of_change) VALUES ('Guinea', 1651, 0.611870409);
INSERT INTO rainfall(Country, Precipitation_Average, rate_of_change) VALUES ('Gambia, The', 1184, -0.349547433);
INSERT INTO rainfall(Country, Precipitation_Average, rate_of_change) VALUES ('Guinea-Bissau', 1210, -1.815296256);
INSERT INTO rainfall(Country, Precipitation_Average, rate_of_change) VALUES ('Equatorial Guinea', 1231, -0.093248082);
INSERT INTO rainfall(Country, Precipitation_Average, rate_of_change) VALUES ('Greece', 473, -0.314114343);
INSERT INTO rainfall(Country, Precipitation_Average, rate_of_change) VALUES ('Greenland', 1655, 0.611870409);
INSERT INTO rainfall(Country, Precipitation_Average, rate_of_change) VALUES ('Grenada', 2008, -0.349547433);
INSERT INTO rainfall(Country, Precipitation_Average, rate_of_change) VALUES ('Guadeloupe', 1184, -1.815296256);
INSERT INTO rainfall(Country, Precipitation_Average, rate_of_change) VALUES ('Honduras', 1295, -0.093248082);
INSERT INTO rainfall(Country, Precipitation_Average, rate_of_change) VALUES ('Hong Kong', 2326, -0.314114343);
INSERT INTO rainfall(Country, Precipitation_Average, rate_of_change) VALUES ('Hungary', 581, 0.611870409);
INSERT INTO rainfall(Country, Precipitation_Average, rate_of_change) VALUES ('Indonesia', 2990, -0.349547433);
INSERT INTO rainfall(Country, Precipitation_Average, rate_of_change) VALUES ('India', 1172, -1.815296256);
INSERT INTO rainfall(Country, Precipitation_Average, rate_of_change) VALUES ('Ireland', 960, -0.093248082);
INSERT INTO rainfall(Country, Precipitation_Average, rate_of_change) VALUES ('Iran', 232, -0.314114343);
INSERT INTO rainfall(Country, Precipitation_Average, rate_of_change) VALUES ('Iraq', 118, 0.611870409);
INSERT INTO rainfall(Country, Precipitation_Average, rate_of_change) VALUES ('Iceland', 1468, -0.349547433);
INSERT INTO rainfall(Country, Precipitation_Average, rate_of_change) VALUES ('Israel', 64, -1.815296256);
INSERT INTO rainfall(Country, Precipitation_Average, rate_of_change) VALUES ('Italy', 832, -0.093248082);
INSERT INTO rainfall(Country, Precipitation_Average, rate_of_change) VALUES ('Jamaica', 1977, -0.314114343);
INSERT INTO rainfall(Country, Precipitation_Average, rate_of_change) VALUES ('Jordan', 122, 0.611870409);
INSERT INTO rainfall(Country, Precipitation_Average, rate_of_change) VALUES ('Japan', 1843, -0.349547433);
INSERT INTO rainfall(Country, Precipitation_Average, rate_of_change) VALUES ('Kazakhstan', 297, -1.815296256);
INSERT INTO rainfall(Country, Precipitation_Average, rate_of_change) VALUES ('Kenya', 957, -0.093248082);
INSERT INTO rainfall(Country, Precipitation_Average, rate_of_change) VALUES ('Kyrgyz Republic', 613, -0.314114343);
INSERT INTO rainfall(Country, Precipitation_Average, rate_of_change) VALUES ('Cambodia', 1201, 0.611870409);
INSERT INTO rainfall(Country, Precipitation_Average, rate_of_change) VALUES ('Kiribati', 3241, -0.349547433);
INSERT INTO rainfall(Country, Precipitation_Average, rate_of_change) VALUES ('South Korea', 1443, -1.815296256);
INSERT INTO rainfall(Country, Precipitation_Average, rate_of_change) VALUES ('Kuwait', 101, -0.093248082);
INSERT INTO rainfall(Country, Precipitation_Average, rate_of_change) VALUES ('Lao PDR', 2250, -0.314114343);
INSERT INTO rainfall(Country, Precipitation_Average, rate_of_change) VALUES ('Lebanon', 141, 0.611870409);
INSERT INTO rainfall(Country, Precipitation_Average, rate_of_change) VALUES ('Liberia', 2861, -0.349547433);
INSERT INTO rainfall(Country, Precipitation_Average, rate_of_change) VALUES ('Libya', 25, -1.815296256);
INSERT INTO rainfall(Country, Precipitation_Average, rate_of_change) VALUES ('Saint Lucia', 1544, -0.093248082);
INSERT INTO rainfall(Country, Precipitation_Average, rate_of_change) VALUES ('Sri Lanka', 2332, -0.314114343);
INSERT INTO rainfall(Country, Precipitation_Average, rate_of_change) VALUES ('Lesotho', 1195, 0.611870409);
INSERT INTO rainfall(Country, Precipitation_Average, rate_of_change) VALUES ('Morocco', 279, -0.349547433);
INSERT INTO rainfall(Country, Precipitation_Average, rate_of_change) VALUES ('Moldova', 606, -1.815296256);
INSERT INTO rainfall(Country, Precipitation_Average, rate_of_change) VALUES ('Madagascar', 1353, -0.093248082);
INSERT INTO rainfall(Country, Precipitation_Average, rate_of_change) VALUES ('Malawi', 950, -0.314114343);
INSERT INTO rainfall(Country, Precipitation_Average, rate_of_change) VALUES ('Malaysia', 2622, 0.611870409);
INSERT INTO rainfall(Country, Precipitation_Average, rate_of_change) VALUES ('Mali', 877, -0.349547433);
INSERT INTO rainfall(Country, Precipitation_Average, rate_of_change) VALUES ('Malta', 601, -1.815296256);
INSERT INTO rainfall(Country, Precipitation_Average, rate_of_change) VALUES ('Mauritania', 134, -0.093248082);
INSERT INTO rainfall(Country, Precipitation_Average, rate_of_change) VALUES ('Mauritius', 1262, -0.314114343);
INSERT INTO rainfall(Country, Precipitation_Average, rate_of_change) VALUES ('Mexico', 780, 0.611870409);
INSERT INTO rainfall(Country, Precipitation_Average, rate_of_change) VALUES ('Mozambique', 1187, -0.349547433);
INSERT INTO rainfall(Country, Precipitation_Average, rate_of_change) VALUES ('Myanmar', 1290, -1.815296256);
INSERT INTO rainfall(Country, Precipitation_Average, rate_of_change) VALUES ('Mongolia', 222, -0.093248082);
INSERT INTO rainfall(Country, Precipitation_Average, rate_of_change) VALUES ('Northern Mariana Islands', 1084, -0.314114343);
INSERT INTO rainfall(Country, Precipitation_Average, rate_of_change) VALUES ('Nepal', 1441, 0.611870409);
INSERT INTO rainfall(Country, Precipitation_Average, rate_of_change) VALUES ('Niger', 281, -0.349547433);
INSERT INTO rainfall(Country, Precipitation_Average, rate_of_change) VALUES ('Nigeria', 1232, -1.815296256);
INSERT INTO rainfall(Country, Precipitation_Average, rate_of_change) VALUES ('Nicaragua', 1535, -0.093248082);
INSERT INTO rainfall(Country, Precipitation_Average, rate_of_change) VALUES ('Netherlands', 844, -0.314114343);
INSERT INTO rainfall(Country, Precipitation_Average, rate_of_change) VALUES ('Norway', 732, 0.611870409);
INSERT INTO rainfall(Country, Precipitation_Average, rate_of_change) VALUES ('New Zealand', 1253, -1.815296256);
INSERT INTO rainfall(Country, Precipitation_Average, rate_of_change) VALUES ('Oman', 79, -0.093248082);
INSERT INTO rainfall(Country, Precipitation_Average, rate_of_change) VALUES ('Pakistan', 151, -0.314114343);
INSERT INTO rainfall(Country, Precipitation_Average, rate_of_change) VALUES ('Palau', 3100, 0.611870409);
INSERT INTO rainfall(Country, Precipitation_Average, rate_of_change) VALUES ('Papua New Guinea', 3205, -0.349547433);
INSERT INTO rainfall(Country, Precipitation_Average, rate_of_change) VALUES ('Philippines', 2747, -1.815296256);
INSERT INTO rainfall(Country, Precipitation_Average, rate_of_change) VALUES ('Poland', 675, -0.093248082);
INSERT INTO rainfall(Country, Precipitation_Average, rate_of_change) VALUES ('Portugal', 1118, -0.314114343);
INSERT INTO rainfall(Country, Precipitation_Average, rate_of_change) VALUES ('Paraguay', 1516, 0.611870409);
INSERT INTO rainfall(Country, Precipitation_Average, rate_of_change) VALUES ('Qatar', 90, -0.349547433);
INSERT INTO rainfall(Country, Precipitation_Average, rate_of_change) VALUES ('Romania', 679, -1.815296256);
INSERT INTO rainfall(Country, Precipitation_Average, rate_of_change) VALUES ('Russia', 616, -0.093248082);
INSERT INTO rainfall(Country, Precipitation_Average, rate_of_change) VALUES ('Rwanda', 1333, -0.314114343);
INSERT INTO rainfall(Country, Precipitation_Average, rate_of_change) VALUES ('Western Sahara', 90, 0.611870409);
INSERT INTO rainfall(Country, Precipitation_Average, rate_of_change) VALUES ('Saint Kitts and Nevis', 1987, -0.349547433);
INSERT INTO rainfall(Country, Precipitation_Average, rate_of_change) VALUES ('Saint Vincent and the Grenadines', 1814, -1.815296256);
INSERT INTO rainfall(Country, Precipitation_Average, rate_of_change) VALUES ('San Marino', 834, -0.093248082);
INSERT INTO rainfall(Country, Precipitation_Average, rate_of_change) VALUES ('Sao Tome and Principe', 1200, -0.314114343);
INSERT INTO rainfall(Country, Precipitation_Average, rate_of_change) VALUES ('Saudi Arabia', 78, 0.611870409);
INSERT INTO rainfall(Country, Precipitation_Average, rate_of_change) VALUES ('Senegal', 473, -0.349547433);
INSERT INTO rainfall(Country, Precipitation_Average, rate_of_change) VALUES ('Serbia', 1016, -1.815296256);
INSERT INTO rainfall(Country, Precipitation_Average, rate_of_change) VALUES ('Singapore', 2480, -0.093248082);
INSERT INTO rainfall(Country, Precipitation_Average, rate_of_change) VALUES ('Solomon Islands', 3540, -0.314114343);
INSERT INTO rainfall(Country, Precipitation_Average, rate_of_change) VALUES ('Sierra Leone', 2120, 0.611870409);
INSERT INTO rainfall(Country, Precipitation_Average, rate_of_change) VALUES ('Somalia', 1234, -0.349547433);
INSERT INTO rainfall(Country, Precipitation_Average, rate_of_change) VALUES ('South Africa', 513, -1.815296256);
INSERT INTO rainfall(Country, Precipitation_Average, rate_of_change) VALUES ('South Sudan', 1070, -0.093248082);
INSERT INTO rainfall(Country, Precipitation_Average, rate_of_change) VALUES ('Suriname', 1545, -0.314114343);
INSERT INTO rainfall(Country, Precipitation_Average, rate_of_change) VALUES ('Sweden', 703, 0.611870409);
INSERT INTO rainfall(Country, Precipitation_Average, rate_of_change) VALUES ('Switzerland', 1507, -0.349547433);
INSERT INTO rainfall(Country, Precipitation_Average, rate_of_change) VALUES ('Syrian Arab Republic', 118, -1.815296256);
INSERT INTO rainfall(Country, Precipitation_Average, rate_of_change) VALUES ('Tajikistan', 1182, -0.093248082);
INSERT INTO rainfall(Country, Precipitation_Average, rate_of_change) VALUES ('Timor-Leste', 3166, -0.314114343);
INSERT INTO rainfall(Country, Precipitation_Average, rate_of_change) VALUES ('Thailand', 1517, 0.611870409);
INSERT INTO rainfall(Country, Precipitation_Average, rate_of_change) VALUES ('Turkmenistan', 108, -0.349547433);
INSERT INTO rainfall(Country, Precipitation_Average, rate_of_change) VALUES ('Tunisia', 40, -1.815296256);
INSERT INTO rainfall(Country, Precipitation_Average, rate_of_change) VALUES ('Turkey', 417, -0.093248082);
INSERT INTO rainfall(Country, Precipitation_Average, rate_of_change) VALUES ('United Republic of Tanzania', 1440, -0.314114343);
INSERT INTO rainfall(Country, Precipitation_Average, rate_of_change) VALUES ('Ukraine', 635, 0.611870409);
INSERT INTO rainfall(Country, Precipitation_Average, rate_of_change) VALUES ('Uruguay', 1066, -0.349547433);
INSERT INTO rainfall(Country, Precipitation_Average, rate_of_change) VALUES ('United States of America',715, -0.093248082);
INSERT INTO rainfall(Country, Precipitation_Average, rate_of_change) VALUES ('Uzbekistan', 153, -1.815296256);
INSERT INTO rainfall(Country, Precipitation_Average, rate_of_change) VALUES ('Vanuatu', 2691, -0.093248082);
INSERT INTO rainfall(Country, Precipitation_Average, rate_of_change) VALUES ('Venezuela, RB', 967, -0.314114343);
INSERT INTO rainfall(Country, Precipitation_Average, rate_of_change) VALUES ('Vietnam', 2134, 0.611870409);
INSERT INTO rainfall(Country, Precipitation_Average, rate_of_change) VALUES ('West Bank and Gaza', 106, -0.349547433);
INSERT INTO rainfall(Country, Precipitation_Average, rate_of_change) VALUES ('Yemen, Rep.', 137, -1.815296256);
INSERT INTO rainfall(Country, Precipitation_Average, rate_of_change) VALUES ('Zambia', 1080, -0.093248082);
INSERT INTO rainfall(Country, Precipitation_Average, rate_of_change) VALUES ('Zimbabwe', 840, -0.314114343);


